{
  "hash": "1ec178d4",
  "configHash": "97d70036",
  "lockfileHash": "75c2bb94",
  "browserHash": "4b499382",
  "optimized": {
    "@angular/core": {
      "src": "../../../../../node_modules/@angular/core/fesm2022/core.mjs",
      "file": "@angular_core.js",
      "fileHash": "0e5d1cf1",
      "needsInterop": false
    },
    "@angular/platform-browser": {
      "src": "../../../../../node_modules/@angular/platform-browser/fesm2022/platform-browser.mjs",
      "file": "@angular_platform-browser.js",
      "fileHash": "3fe06f85",
      "needsInterop": false
    },
    "@angular/router": {
      "src": "../../../../../node_modules/@angular/router/fesm2022/router.mjs",
      "file": "@angular_router.js",
      "fileHash": "fe1cab6d",
      "needsInterop": false
    },
    "@angular/common": {
      "src": "../../../../../node_modules/@angular/common/fesm2022/common.mjs",
      "file": "@angular_common.js",
      "fileHash": "eba8eba8",
      "needsInterop": false
    }
  },
  "chunks": {
    "chunk-ENNJH3TY": {
      "file": "chunk-ENNJH3TY.js"
    },
    "chunk-FY6OYNLY": {
      "file": "chunk-FY6OYNLY.js"
    },
    "chunk-IJZMKCHK": {
      "file": "chunk-IJZMKCHK.js"
    }
  }
}